SampleID,SampleType,Donor,Gravity,Time,Replicate,TotalReads,Bacteroides,Prevotella,Faecalibacterium,Roseburia,Blautia,Agathobacter,Subdoligranulum,Ruminococcus,Ruminococcus_gnavus_group,Ruminococcaceae_UCG-002,Ruminococcaceae_UCG-005,Ruminococcaceae_NK4A214_group,Lachnospira,Lachnospiraceae_NK4A136_group,Lachnospiraceae_UCG-001,Lachnospiraceae_UCG-004,Lachnoclostridium,Eubacterium_hallii_group,Eubacterium_eligens_group,Eubacterium_coprostanoligenes_group,Coprococcus,Anaerostipes,Dorea,Fusicatenibacter,Butyricicoccus,Christensenellaceae_R-7_group,Oscillibacter,Dialister,Veillonella,Megamonas,Phascolarctobacterium,Parabacteroides,Alistipes,Barnesiella,Odoribacter,Butyricimonas,Bilophila,Desulfovibrio,Sutterella,Parasutterella,Akkermansia,Bifidobacterium,Collinsella,Eggerthella,Enterococcus,Streptococcus,Lactobacillus,Enterobacter,Escherichia_Shigella,Klebsiella,Citrobacter,Clostridium_sensu_stricto_1,Clostridioides,Peptostreptococcus,Finegoldia,Paraprevotella,Romboutsia,Turicibacter,Holdemanella,Intestinibacter,Catenibacterium,Anaerotruncus,Parvimonas,Fusobacterium,Haemophilus,Campylobacter,Helicobacter,Methanobrevibacter,Anaerococcus,Porphyromonas,Alloprevotella,Granulicatella,Actinomyces,Bacillus,Staphylococcus,Corynebacterium,Pseudomonas,Acinetobacter,Enterocloster,Flavonifractor,Butyrivibrio,Clostridiales_vadinBB60_group,Family_XIII_AD3011_group,Monoglobus,Bacteroidetes_unclassified,Firmicutes_unclassified,Lachnospiraceae_unclassified,Ruminococcaceae_unclassified,Bacteroidales_unclassified,Proteobacteria_unclassified,Actinobacteria_unclassified,Verrucomicrobia_unclassified,Erysipelotrichaceae_UCG-003,Erysipelotrichaceae_UCG-006,Erysipelatoclostridium,Senegalimassilia,Slackia,Gordonibacter,Anaerobutyricum,Coprobacter,Murimonas,Anaerofustis,Pseudoflavonifractor,Oscillospira,Anaeroplasma,UCG-010,UCG-014,UCG-003,UCG-009,UCG-013,UCG-007,Rikenellaceae_RC9_gut_group,Candidatus_Saccharimonas,Mitsuokella,Succinivibrio,Succiniclasticum,Victivallis,Anaerovorax,Howardella,Butyricimonas_group
D1,baseline,1,baseline,0h,0,30527,11672,0,3250,1688,2072,921,836,486,392,0,0,450,0,75,0,23,35,28,18,0,103,21,0,0,169,0,2,162,0,0,133,888,1812,2,0,0,182,24,202,0,510,887,144,46,67,111,33,0,113,0,1,0,0,309,3,0,0,39,33,62,0,0,95,0,0,0,78,5,68,0,33,0,0,0,210,0,523,84,0,0,54,68,110,0,10,14,2,56,0,3,3,0,0,68,330,0,0,2,101,17,57,56,126,12,0,1,59,61,0,1,14,83,0,0,0,0,1,0,118,0
D2,baseline,2,baseline,0h,0,34332,3925,11866,2945,1443,2094,0,0,551,0,9,227,0,0,1,1,0,36,136,0,47,2,154,29,0,0,4,7,1247,1189,1249,684,0,183,11,9,218,220,0,274,217,327,31,389,190,16,31,22,4,54,3,0,94,9,184,132,654,0,0,79,59,0,406,1,0,141,86,0,0,79,48,9,21,0,0,424,0,0,263,57,173,0,52,1,0,7,0,0,0,105,6,0,169,34,0,56,56,0,0,0,1,35,0,0,35,53,0,18,12,0,248,0,175,0,51,51,0,0,0,39,164
D3,baseline,3,baseline,0h,0,39409,4760,189,6833,2247,2735,1848,2254,3943,0,221,0,0,263,63,166,0,254,798,48,0,151,611,2,0,22,1155,532,339,29,33,43,360,184,5,37,0,239,2,493,437,1681,30,169,3,48,118,37,70,218,9,206,55,0,81,14,51,67,27,32,77,52,0,8,69,102,59,50,782,105,32,19,6,6,22,528,43,72,0,12,0,259,1,0,3,0,75,0,0,0,27,45,404,0,159,0,159,64,8,665,1,0,45,202,0,221,83,385,0,0,6,23,204,59,1,0,0,0,12,18,24
G0g_T8h_D1_R1,culture,1,0g,8h,1,21028,10308,0,549,116,1663,225,338,90,29,0,0,182,0,164,0,0,0,4,0,0,8,0,0,0,19,0,0,93,0,0,36,541,952,0,0,0,110,0,311,0,120,456,75,0,215,191,99,0,553,7,1,0,0,43,0,0,0,1,0,3,0,0,10,0,0,0,81,0,149,15,0,3,0,0,454,1,2173,155,0,0,0,4,29,0,0,9,17,5,0,0,1,0,0,0,48,0,0,0,2,0,6,1,100,0,0,0,4,0,0,0,0,161,0,0,1,0,0,0,97,0
G0g_T8h_D1_R2,culture,1,0g,8h,2,23148,11122,0,575,575,2068,164,233,94,90,0,0,137,0,6,0,4,0,5,0,0,3,1,0,0,46,0,0,65,0,0,151,578,1098,0,0,0,68,0,140,0,144,388,59,4,492,300,146,0,483,0,0,0,0,21,0,0,0,0,16,3,0,0,30,0,0,0,156,0,206,0,15,0,0,0,770,4,2098,216,0,0,6,0,8,0,11,1,0,1,0,0,0,0,0,7,178,0,0,0,21,0,39,13,0,2,0,0,1,4,0,0,4,14,0,0,0,0,0,0,64,0
G0g_T8h_D1_R3,culture,1,0g,8h,3,27396,13896,0,1131,400,1455,317,458,81,94,0,0,93,0,0,0,0,1,0,19,0,0,0,0,0,37,0,0,168,0,0,44,798,1403,0,69,0,125,1,180,0,74,856,175,15,266,358,78,0,350,0,0,0,0,9,0,0,0,0,0,0,0,0,2,0,0,0,46,0,348,0,14,7,0,1,859,0,2411,153,0,0,6,16,11,0,1,1,0,0,0,0,0,0,0,0,55,0,0,0,55,28,161,14,33,32,0,0,21,49,0,0,0,65,0,0,5,0,0,0,51,0
G0g_T16h_D1_R1,culture,1,0g,16h,1,23502,10341,0,253,338,1455,102,151,8,62,0,0,148,0,0,0,0,1,0,6,0,17,0,0,0,1,0,0,125,0,0,150,434,1086,0,0,0,40,89,178,0,33,637,105,8,684,689,143,0,902,0,6,0,0,4,0,0,0,0,0,0,0,0,43,0,0,0,38,0,220,0,0,0,0,26,1154,0,3156,431,0,0,0,2,60,0,0,3,0,0,0,0,0,0,0,1,5,0,0,0,0,1,30,0,12,0,0,0,21,1,0,0,0,86,0,0,0,0,0,0,16,0
G0g_T16h_D1_R2,culture,1,0g,16h,2,20182,9345,0,691,82,1072,72,101,42,7,0,0,34,0,0,0,1,9,0,0,0,0,0,0,0,29,0,0,54,0,0,197,411,877,0,0,0,8,2,114,0,17,405,85,5,451,818,133,15,529,32,2,0,0,2,0,0,0,0,0,0,0,7,0,0,0,0,125,0,232,0,0,0,0,0,1082,0,2386,299,0,0,0,1,4,0,4,0,0,47,0,0,0,0,0,0,38,0,0,0,0,2,110,5,15,0,0,0,0,2,0,0,1,124,0,0,0,0,0,0,56,0
G0g_T16h_D1_R3,culture,1,0g,16h,3,23111,11257,0,332,216,1729,49,146,66,35,0,0,10,0,17,0,0,0,0,0,0,46,0,0,0,0,0,0,47,0,0,133,375,900,0,0,0,61,0,320,0,45,334,11,40,212,559,100,5,664,0,5,0,0,10,0,0,0,0,0,0,0,0,11,0,0,0,53,0,397,7,1,0,0,0,1171,6,2921,638,0,0,0,0,5,0,0,0,0,0,0,0,0,0,0,4,21,0,0,0,21,7,6,13,3,0,0,0,0,0,0,0,0,48,0,0,0,0,0,0,54,0
G0g_T24h_D1_R1,culture,1,0g,24h,1,25326,7878,0,23,151,831,89,5,11,6,0,0,20,0,0,0,0,0,0,0,0,0,0,0,0,3,0,0,24,0,0,62,280,546,15,0,0,41,11,6,0,99,216,9,6,584,1606,287,0,2000,8,71,0,0,16,0,0,0,0,0,0,0,0,8,0,0,0,47,0,1028,0,236,1,0,1,1506,0,6706,639,0,0,0,0,0,0,0,0,0,0,0,0,0,0,0,0,8,0,0,0,0,0,1,0,178,0,0,0,0,0,0,0,0,14,0,0,0,0,0,0,49,0
G0g_T24h_D1_R2,culture,1,0g,24h,2,26238,8377,0,240,48,1164,6,27,3,2,0,0,5,0,0,0,1,0,4,0,0,0,0,0,0,0,0,0,76,0,0,3,656,537,0,0,0,146,17,95,0,60,214,4,15,977,1304,241,0,1637,0,0,0,0,1,0,0,0,0,0,1,0,0,0,0,9,0,80,0,858,0,30,33,0,0,1906,2,6230,1157,0,0,0,0,0,0,0,0,0,0,0,0,0,0,0,1,6,0,0,0,0,0,1,0,2,0,0,0,0,0,0,0,0,0,0,0,0,0,0,0,62,0
G0g_T24h_D1_R3,culture,1,0g,24h,3,24902,8942,0,155,86,761,14,0,12,0,0,0,38,0,0,0,0,0,0,0,0,0,7,0,0,0,0,0,71,0,0,102,606,674,0,0,0,143,1,29,0,2,112,38,0,779,640,142,0,1280,13,0,0,0,3,0,0,0,0,0,0,0,0,0,0,0,0,19,0,342,56,0,0,28,0,2498,0,6258,926,0,0,0,0,0,0,0,18,0,5,0,1,0,0,0,0,1,0,0,0,0,0,48,0,0,0,0,0,0,0,0,0,0,0,0,0,1,0,0,0,51,0
G1_6g_T8h_D1_R1,culture,1,1_6g,8h,1,25232,14102,0,994,309,1608,179,409,204,69,0,0,19,0,0,0,3,0,0,0,0,8,9,0,0,52,0,0,168,0,0,34,799,1416,0,0,0,146,7,43,0,301,541,91,21,137,208,52,0,287,0,0,0,0,111,0,0,0,1,27,1,0,0,7,0,0,0,158,0,333,0,4,0,0,0,344,0,1368,256,0,0,1,5,13,0,0,2,0,69,0,0,0,0,0,25,14,0,0,0,2,3,124,0,31,0,0,0,3,0,0,0,31,79,0,0,0,0,0,0,4,0
G1_6g_T8h_D1_R2,culture,1,1_6g,8h,2,20573,9886,0,935,317,1469,357,133,124,56,0,0,76,0,7,0,0,0,0,0,0,0,25,0,0,10,0,0,87,7,0,157,728,1354,0,0,0,66,16,134,0,59,531,148,31,156,457,66,0,204,0,0,0,0,51,0,0,0,0,0,40,0,0,9,0,0,0,46,0,190,0,127,0,1,0,650,1,1440,123,0,0,0,19,2,0,0,0,0,4,0,0,0,0,0,12,13,5,0,0,0,0,60,0,1,0,0,0,75,2,0,0,0,26,0,0,0,0,0,0,80,0
G1_6g_T8h_D1_R3,culture,1,1_6g,8h,3,21121,10846,0,841,362,1163,171,174,108,49,0,0,106,0,0,0,2,7,1,0,0,57,0,0,0,31,0,0,146,0,0,28,582,950,0,0,0,183,0,32,1,146,587,69,16,90,184,161,0,234,0,39,0,0,153,0,0,0,9,0,4,0,0,15,0,2,0,28,0,311,0,75,0,0,0,664,8,1705,219,0,0,28,28,44,0,8,6,0,35,0,0,0,0,0,12,94,0,0,0,76,24,13,26,9,0,0,0,0,59,0,0,0,28,0,0,0,0,0,0,72,0
G1_6g_T16h_D1_R1,culture,1,1_6g,16h,1,22113,11400,0,417,276,1196,98,108,76,11,0,0,43,0,1,0,0,0,0,0,4,1,0,0,0,27,0,0,130,0,0,55,709,633,0,0,0,123,0,37,0,10,125,73,7,230,620,67,0,257,0,1,0,0,6,0,0,0,0,0,0,0,0,32,0,0,0,17,0,220,0,1,0,0,0,936,0,3537,471,0,0,0,1,1,0,0,0,0,18,0,0,0,1,0,0,38,0,0,0,3,1,60,0,21,0,0,0,0,0,0,0,0,11,0,0,0,0,0,0,3,0
G1_6g_T16h_D1_R2,culture,1,1_6g,16h,2,21702,11924,0,214,270,1289,125,132,39,8,0,0,8,0,0,0,0,3,0,0,0,14,0,0,0,13,0,0,196,0,0,71,483,1155,0,0,0,61,0,53,0,3,255,5,2,286,401,175,0,699,0,18,0,0,101,0,0,0,12,0,0,0,0,0,0,0,0,158,0,344,1,3,0,0,0,873,9,1940,198,0,0,10,0,0,0,0,0,0,0,0,0,0,0,0,2,61,0,0,0,16,3,20,0,0,0,29,0,0,0,0,0,0,3,0,0,0,0,0,0,17,0
G1_6g_T16h_D1_R3,culture,1,1_6g,16h,3,25117,12953,0,455,309,750,158,133,143,4,0,0,63,0,47,0,0,0,0,0,0,3,0,0,0,33,0,0,104,0,0,38,525,999,0,0,0,121,0,317,0,45,428,14,20,260,575,93,0,844,4,0,0,0,77,0,0,0,0,0,0,0,0,7,0,0,0,50,0,99,0,0,0,0,61,1183,0,3475,550,0,0,3,2,0,0,0,8,0,15,0,0,1,0,0,4,15,0,0,0,0,38,11,0,33,0,0,0,3,0,0,0,0,31,0,0,0,0,0,0,13,0
G1_6g_T24h_D1_R1,culture,1,1_6g,24h,1,28683,11581,0,267,110,833,142,18,5,0,0,0,0,0,0,0,0,0,0,0,0,1,0,0,0,0,0,0,31,0,0,62,217,1155,0,0,0,222,0,19,0,0,566,143,0,572,1184,432,1,1281,10,0,0,0,0,0,0,0,2,0,0,0,0,0,0,3,0,37,0,765,0,24,3,1,0,2321,0,5924,640,0,0,0,0,0,0,1,0,0,7,0,0,0,0,0,0,3,0,0,0,0,0,0,0,0,0,0,0,1,2,0,0,0,38,0,0,6,0,0,0,53,0
G1_6g_T24h_D1_R2,culture,1,1_6g,24h,2,26536,11760,0,248,101,622,36,95,0,5,0,0,14,0,3,0,0,0,3,0,0,2,0,0,0,0,0,0,101,0,0,160,432,842,0,0,0,26,0,39,0,10,267,14,15,804,714,247,0,716,0,3,0,0,1,0,0,0,0,0,0,0,0,7,0,0,0,3,0,540,0,1,0,0,0,1904,0,5816,734,0,0,0,0,22,0,0,0,0,3,0,0,0,0,0,0,33,0,0,0,8,0,2,0,0,0,0,0,0,0,0,0,0,112,0,0,3,0,0,0,68,0
G1_6g_T24h_D1_R3,culture,1,1_6g,24h,3,24175,8787,0,146,17,805,96,0,23,19,0,0,3,0,0,0,0,0,0,0,0,0,0,0,0,0,0,0,93,0,0,22,335,1086,0,0,0,94,0,119,0,0,69,64,3,901,950,196,0,1288,0,0,0,0,6,0,0,0,0,0,0,0,0,0,0,0,0,21,0,593,0,0,0,0,7,2036,0,6016,196,0,0,0,41,0,0,0,0,0,30,67,0,0,0,0,0,32,0,0,0,0,0,3,0,0,0,0,0,0,0,0,0,0,3,0,0,2,0,0,0,6,0
G1g_T8h_D1_R1,culture,1,1g,8h,1,21882,10475,0,1155,672,1615,320,201,166,109,0,0,100,0,31,0,0,4,0,0,0,3,0,0,0,17,0,0,78,0,0,87,551,1571,0,0,0,31,8,99,0,26,919,113,16,103,258,90,0,151,0,0,0,0,45,0,0,0,16,1,47,0,0,8,0,0,0,43,0,153,0,10,0,0,0,686,0,1084,451,0,0,4,5,12,0,0,14,0,5,0,0,0,0,0,0,38,0,0,0,6,3,24,2,84,0,0,0,57,4,0,0,4,43,0,0,0,0,0,1,63,0
G1g_T8h_D1_R2,culture,1,1g,8h,2,18926,8932,0,916,654,999,469,334,227,26,0,0,216,0,30,0,2,27,2,2,0,28,0,0,0,17,0,0,99,0,0,104,678,1022,0,0,0,93,0,162,0,99,682,85,18,132,340,70,0,447,1,0,0,0,101,0,0,0,0,3,10,0,0,77,0,0,0,30,0,276,0,18,0,0,0,305,0,806,109,0,0,17,25,19,0,0,0,0,21,0,0,2,0,0,6,70,0,0,0,30,0,19,12,21,0,0,0,5,3,0,0,0,3,0,0,0,0,0,0,25,0
G1g_T8h_D1_R3,culture,1,1g,8h,3,21498,11057,0,1033,507,1439,362,230,252,13,0,0,43,0,0,0,0,0,7,2,0,43,8,0,0,46,0,0,25,0,5,30,606,1277,0,0,0,105,5,253,0,158,460,17,1,174,253,24,0,188,0,0,0,0,16,0,0,1,3,0,10,0,0,15,0,0,0,144,0,157,0,0,0,0,0,345,0,1368,79,0,0,0,72,40,0,0,0,0,133,0,0,0,0,0,5,89,0,0,0,21,6,40,3,74,0,0,0,2,6,0,0,0,131,0,0,42,0,0,0,73,0
G1g_T16h_D1_R1,culture,1,1g,16h,1,23452,11170,0,697,166,1204,233,121,100,23,0,0,62,0,5,0,0,0,3,0,0,5,19,0,0,4,0,21,164,0,0,56,1158,1062,0,0,0,123,6,129,0,212,338,39,76,371,489,184,14,476,2,13,0,0,9,0,0,0,7,0,0,0,0,12,0,12,0,30,0,308,0,7,0,0,0,560,0,3038,394,0,0,8,2,0,0,0,0,0,3,0,0,0,0,0,2,69,0,0,0,19,3,24,0,17,0,0,0,0,0,0,0,0,8,0,0,0,0,0,0,175,0
G1g_T16h_D1_R2,culture,1,1g,16h,2,27208,14764,0,478,380,996,219,172,112,186,0,0,59,0,0,0,3,0,0,8,0,0,0,0,0,62,0,0,143,0,0,129,681,1401,0,0,0,10,1,228,0,148,859,43,0,188,603,177,0,690,0,0,0,0,87,0,0,0,2,3,24,0,0,0,0,0,0,0,0,270,0,0,0,0,0,851,0,2516,405,0,0,0,0,18,0,2,0,0,21,0,0,0,0,0,0,65,0,0,0,11,21,4,0,59,1,0,0,0,42,0,0,0,2,0,0,0,0,0,0,64,0
G1g_T16h_D1_R3,culture,1,1g,16h,3,24542,12124,0,393,369,1405,217,101,65,29,0,0,66,0,0,0,0,0,7,1,0,8,0,0,0,0,0,0,111,0,0,29,637,1334,0,0,0,40,2,245,0,79,374,96,10,456,538,199,0,476,0,0,0,0,34,0,0,0,34,9,0,0,0,0,0,0,0,35,0,398,0,5,7,0,0,1069,6,3022,296,0,0,0,67,0,0,1,28,0,0,0,0,0,0,1,0,2,0,0,0,15,0,7,0,0,0,0,0,0,1,0,0,0,30,0,0,0,0,0,0,64,0
G1g_T24h_D1_R1,culture,1,1g,24h,1,21873,7766,0,276,41,1182,27,38,28,1,0,0,5,0,0,0,0,0,0,0,0,0,0,0,0,27,0,0,26,0,0,83,630,964,0,0,0,131,0,19,0,141,289,2,0,540,857,97,0,934,28,0,0,0,5,0,3,0,0,0,0,0,0,0,0,3,0,16,0,540,0,55,0,0,0,1587,5,5108,335,0,0,0,0,18,0,27,0,0,1,0,0,0,0,0,0,0,0,0,0,0,2,4,0,0,0,0,0,0,0,0,0,0,19,0,0,0,0,0,0,13,0
G1g_T24h_D1_R2,culture,1,1g,24h,2,23698,9392,0,236,107,744,65,29,15,15,0,0,7,0,0,0,0,0,2,0,0,12,0,0,0,0,0,0,213,0,0,6,543,649,0,0,0,36,21,24,0,10,245,126,0,608,892,141,0,923,2,0,0,0,6,0,0,0,0,0,0,0,0,60,0,0,0,12,0,777,0,4,0,0,0,2213,0,4533,763,0,0,0,0,0,0,0,61,0,19,0,0,0,0,0,0,39,0,0,0,14,5,0,0,0,0,0,0,0,0,0,0,0,36,0,0,0,0,0,0,93,0
G1g_T24h_D1_R3,culture,1,1g,24h,3,26279,11040,0,102,98,1097,92,139,61,34,0,0,3,0,0,0,0,0,4,0,0,0,0,0,0,26,0,0,97,0,0,69,498,765,0,0,0,31,54,40,0,9,532,121,0,752,633,145,0,715,0,0,0,0,32,0,0,0,0,0,8,0,0,0,0,0,0,94,0,852,0,42,5,0,0,1955,0,5326,725,0,0,0,0,10,0,0,2,0,4,0,0,0,0,0,0,28,0,0,0,0,7,16,0,0,0,0,0,0,0,0,0,0,0,0,0,0,0,0,0,16,0
G1g_s_T8h_D1_R1,culture,1,1g_s,8h,1,21954,8123,0,728,272,1796,199,81,165,81,0,0,114,0,0,0,24,0,0,0,0,14,0,0,0,4,0,0,82,6,0,138,898,686,3,0,0,131,27,286,7,78,503,27,4,598,1058,223,15,486,1,0,0,0,55,0,0,0,0,0,28,0,0,6,0,0,1,93,0,411,0,64,0,0,0,767,1,2902,447,0,0,0,9,0,0,0,3,0,13,0,0,1,1,0,0,113,0,15,0,15,1,23,0,4,0,0,0,1,0,0,0,0,29,0,0,0,0,0,0,93,0
G1g_s_T8h_D1_R2,culture,1,1g_s,8h,2,22279,8806,0,1083,345,1881,110,146,226,20,51,0,46,0,19,0,0,1,0,0,0,2,7,0,0,2,0,0,34,0,0,192,556,1431,0,0,0,237,101,54,0,110,478,91,1,405,918,52,0,698,19,0,0,0,19,0,0,0,3,0,1,0,0,0,0,0,0,243,8,428,11,18,0,0,12,715,0,2075,335,0,0,2,1,2,0,0,0,0,14,0,0,0,0,0,2,80,0,0,0,0,79,0,15,1,0,0,0,5,4,0,0,0,7,0,0,3,0,0,0,74,0
G1g_s_T8h_D1_R3,culture,1,1g_s,8h,3,23179,7416,0,608,487,2159,238,187,142,125,0,0,106,0,28,0,7,0,12,0,0,16,24,0,0,46,0,0,25,0,0,134,805,1830,0,0,0,261,2,187,0,194,447,134,93,497,702,331,0,813,0,6,0,0,31,0,0,0,0,0,3,0,0,7,0,0,0,127,9,298,1,7,0,0,2,1146,2,2895,345,0,0,1,27,1,0,35,2,0,6,0,0,0,0,0,0,2,0,0,0,7,2,4,1,53,0,0,0,1,0,0,0,0,64,0,0,0,0,0,0,38,0
G1g_s_T16h_D1_R1,culture,1,1g_s,16h,1,23174,9677,0,256,156,1131,186,54,5,34,0,0,22,0,0,0,0,0,0,0,0,1,5,0,0,2,0,0,25,0,0,70,645,707,0,0,0,34,0,255,0,27,275,34,5,632,979,92,0,845,4,0,0,0,35,0,0,0,0,0,15,0,0,0,0,1,0,26,0,411,0,12,0,0,0,1864,1,3859,668,0,0,0,0,0,0,2,23,0,0,2,0,0,0,0,0,22,0,0,0,0,0,28,0,1,0,0,0,0,0,0,0,0,24,0,0,0,0,0,0,22,0
G1g_s_T16h_D1_R2,culture,1,1g_s,16h,2,23071,8552,0,209,208,2002,41,7,6,13,0,0,0,0,0,0,0,0,0,0,0,0,0,0,0,0,0,0,92,0,0,100,425,801,0,0,0,50,1,51,0,8,252,0,4,950,1039,361,0,1203,43,24,0,0,25,0,0,0,0,0,1,0,0,0,0,0,0,5,2,371,0,0,0,0,0,1559,0,3847,504,0,0,44,0,2,0,0,22,0,5,0,0,0,0,0,5,83,0,0,0,2,0,57,0,1,0,0,0,29,0,0,0,1,23,3,0,15,0,0,0,23,0
G1g_s_T16h_D1_R3,culture,1,1g_s,16h,3,24528,8141,0,242,150,1291,66,72,66,87,0,0,9,0,0,0,9,0,0,0,0,4,0,0,0,2,0,0,92,0,0,495,472,823,0,0,0,35,0,91,0,72,270,32,0,1503,1408,261,4,911,0,3,0,0,75,0,0,0,2,0,0,0,0,0,0,0,0,35,0,351,0,0,0,0,29,2409,0,3907,895,0,0,1,0,1,0,0,0,0,2,0,0,0,0,0,0,58,0,0,0,0,0,1,0,5,0,0,0,13,0,0,0,0,63,0,0,0,0,0,0,70,0
G1g_s_T24h_D1_R1,culture,1,1g_s,24h,1,29951,6108,0,104,19,653,11,2,2,0,0,0,8,0,0,0,0,0,0,0,0,0,0,0,0,0,0,0,4,0,0,17,309,799,0,0,0,59,0,112,0,41,264,0,0,1373,2445,291,0,2128,0,9,0,0,0,0,0,0,0,0,0,0,0,0,0,62,0,31,0,531,0,0,0,1,2,3904,0,9678,934,0,0,0,0,0,0,0,0,0,7,0,0,0,0,0,0,5,0,0,0,0,0,0,0,0,0,0,0,3,0,0,0,0,0,0,0,27,0,0,0,8,0
G1g_s_T24h_D1_R2,culture,1,1g_s,24h,2,21354,5024,0,40,5,539,51,15,25,0,0,0,2,0,0,0,0,0,0,0,0,0,0,0,0,0,0,0,11,0,0,22,386,580,0,0,0,17,0,2,0,30,261,25,0,1233,2150,193,9,1296,0,3,0,0,0,0,0,0,0,0,0,0,0,0,0,0,0,3,0,518,0,0,14,0,0,2557,8,5422,791,0,0,0,0,14,0,0,0,0,0,0,0,0,0,0,0,0,0,0,0,0,0,63,0,0,0,0,0,0,0,0,0,0,6,0,0,21,0,0,0,18,0
G1g_s_T24h_D1_R3,culture,1,1g_s,24h,3,27060,4881,0,7,6,886,13,6,0,8,0,0,0,0,0,0,0,0,0,0,0,0,0,0,0,0,0,0,188,0,0,77,295,657,0,0,0,86,12,48,0,8,130,3,0,2438,2781,158,3,2380,3,0,0,0,2,0,0,0,0,0,0,0,0,5,0,0,0,17,0,845,0,17,0,1,0,2439,0,7858,777,0,0,0,0,0,0,0,0,0,5,0,0,0,0,0,0,17,0,0,0,0,2,0,0,0,0,0,0,0,0,0,0,0,0,0,0,1,0,0,0,0,0
G5g_T8h_D1_R1,culture,1,5g,8h,1,20764,11658,0,1236,452,1341,104,205,74,33,0,0,99,0,8,0,17,11,0,0,0,12,0,0,0,10,0,0,140,1,0,41,887,1172,0,0,0,183,4,91,0,179,417,91,43,156,102,77,1,136,0,0,0,0,31,0,0,0,7,1,1,1,0,14,0,0,0,34,0,44,31,4,0,0,0,218,1,823,91,0,0,0,2,7,0,26,23,0,9,0,0,37,0,0,0,111,0,0,0,4,0,31,4,121,1,0,0,0,9,0,0,0,47,0,0,5,0,0,0,45,0
G5g_T8h_D1_R2,culture,1,5g,8h,2,24259,13180,0,1186,395,1455,553,365,281,315,25,0,160,0,63,0,0,0,0,0,0,31,162,0,0,107,0,0,51,0,0,65,533,1340,0,0,0,160,21,118,0,60,571,43,34,205,182,72,0,239,0,0,0,0,66,0,0,0,0,3,44,0,0,3,0,0,0,15,12,138,0,0,0,0,0,229,0,896,119,0,0,38,10,41,0,18,0,0,68,0,0,0,0,0,17,187,0,0,0,8,2,13,7,32,0,0,0,42,11,0,0,27,136,0,0,2,0,0,0,103,0
G5g_T8h_D1_R3,culture,1,5g,8h,3,25354,13918,0,1004,335,2153,315,397,92,181,0,0,216,0,22,0,8,4,12,0,0,0,0,0,0,102,0,0,142,0,0,83,997,1116,0,9,0,149,26,94,0,97,556,70,25,20,97,40,0,269,0,0,0,0,130,42,0,0,64,0,50,0,0,5,0,0,0,1,0,97,0,31,0,0,0,497,2,1095,80,0,0,0,19,122,0,1,0,0,26,47,0,11,0,0,33,143,0,0,0,30,60,23,2,8,0,0,0,5,2,0,0,28,47,0,0,29,0,0,0,75,0
G5g_T16h_D1_R1,culture,1,5g,16h,1,21556,12558,0,554,336,1134,30,66,53,29,0,0,47,0,2,0,2,0,0,27,0,2,2,0,0,32,0,0,85,1,0,156,564,1179,2,0,0,29,5,87,0,122,539,2,0,182,304,217,0,318,0,1,0,0,41,0,0,0,8,0,0,0,0,0,0,0,0,6,0,236,0,1,0,0,0,510,0,1281,458,0,0,4,16,1,0,0,0,0,0,0,0,28,0,0,15,82,0,0,0,3,0,27,47,0,0,0,0,0,0,0,0,0,68,0,0,0,0,0,0,57,0
G5g_T16h_D1_R2,culture,1,5g,16h,2,20113,11664,0,664,129,1073,111,228,112,27,0,0,101,0,0,0,0,10,0,3,0,1,7,0,0,23,0,0,131,0,0,28,378,1312,0,0,0,126,0,138,0,39,348,39,0,269,271,89,0,304,0,0,0,0,41,0,0,0,0,0,0,0,0,14,12,0,0,1,0,92,0,4,0,0,0,502,0,1441,103,0,0,3,0,22,0,0,0,1,0,0,0,0,0,0,0,11,0,0,0,3,0,35,0,29,0,0,0,0,28,0,0,0,43,0,0,0,0,0,0,103,0
G5g_T16h_D1_R3,culture,1,5g,16h,3,25245,13963,0,240,254,1360,226,107,73,232,0,0,200,1,0,0,26,0,0,27,0,15,0,0,0,41,0,0,278,0,0,46,741,1466,0,0,0,71,24,43,0,90,658,83,61,169,498,6,0,329,0,8,0,0,39,0,0,0,0,45,0,0,0,0,0,0,0,8,0,259,0,32,0,12,0,999,0,2140,175,0,0,12,5,20,0,0,4,0,12,0,0,0,0,0,0,17,0,0,0,6,3,37,1,6,0,0,0,10,39,0,0,7,1,0,0,0,0,0,0,20,0
G5g_T24h_D1_R1,culture,1,5g,24h,1,24596,11701,0,361,27,717,53,9,13,188,0,13,19,0,5,0,0,0,27,1,0,1,0,0,0,29,0,0,117,0,0,15,860,817,0,0,0,13,0,96,0,33,280,27,0,323,908,99,0,706,0,4,0,0,54,0,0,0,0,40,10,0,0,0,0,0,0,10,0,486,1,29,0,0,3,1122,0,4584,660,0,0,17,0,0,0,13,0,0,4,0,0,0,0,0,4,42,0,0,9,0,1,36,0,1,0,0,0,0,0,0,0,0,0,0,0,0,0,0,0,8,0
G5g_T24h_D1_R2,culture,1,5g,24h,2,22987,11941,0,499,236,704,72,51,1,17,0,0,8,0,5,0,0,0,0,0,0,0,0,0,0,8,0,0,27,0,0,34,572,1150,0,0,0,191,0,29,0,2,232,30,12,315,676,109,13,296,0,0,0,0,56,0,0,0,0,25,0,0,0,0,0,0,0,13,0,332,0,31,0,0,0,1443,0,3504,285,0,0,0,0,0,0,0,0,0,3,0,0,0,0,0,0,7,0,0,0,4,7,3,0,24,0,0,0,0,0,0,0,0,1,0,0,0,0,0,0,19,0
G5g_T24h_D1_R3,culture,1,5g,24h,3,25538,13565,2,63,163,1104,65,113,50,14,0,0,29,0,0,0,0,34,0,0,0,5,0,0,0,1,0,0,127,0,0,12,776,562,1,0,0,1,0,101,0,16,260,99,2,342,790,198,0,533,0,11,0,0,18,0,0,0,5,0,0,0,0,1,0,2,0,16,0,320,0,38,0,0,0,1713,0,3785,466,0,0,0,0,0,0,0,0,0,0,0,0,0,0,0,21,25,0,0,0,0,0,9,0,0,0,0,0,0,13,0,0,0,64,0,0,0,0,0,0,3,0
G0g_T8h_D2_R1,culture,2,0g,8h,1,21138,2750,7381,402,234,942,0,0,122,0,5,40,0,0,0,0,0,1,13,0,0,0,0,0,0,0,0,0,625,2077,1182,549,0,58,0,0,107,18,0,94,153,25,0,82,102,68,20,84,2,162,9,37,33,0,15,48,185,0,0,73,3,0,4,0,0,274,120,0,0,205,65,1,18,22,0,1306,1,64,730,13,14,0,1,0,0,0,0,0,0,55,0,112,2,1,0,5,0,0,0,0,0,8,0,0,9,0,0,1,0,0,9,0,105,0,1,126,0,0,0,10,155
G0g_T8h_D2_R2,culture,2,0g,8h,2,23155,2579,9497,550,259,1083,0,0,147,0,0,89,0,0,0,0,0,0,8,0,8,0,6,8,0,0,0,0,868,1032,1016,503,0,147,0,3,136,38,0,108,134,57,15,126,27,87,124,133,6,171,2,0,45,0,77,5,293,0,0,1,0,0,66,0,0,400,59,0,0,197,125,1,41,1,0,1335,0,0,893,0,2,0,0,0,0,4,0,0,0,45,0,0,129,0,0,0,121,0,0,0,0,40,0,0,12,0,0,0,0,0,30,0,8,0,66,184,0,0,0,0,8
G0g_T8h_D2_R3,culture,2,0g,8h,3,27075,2843,12110,484,335,1857,0,0,27,0,0,16,0,0,0,0,0,0,18,0,71,0,46,0,0,0,0,0,769,1126,1183,475,0,250,0,5,49,147,0,133,138,83,39,228,30,14,44,34,7,277,6,23,9,15,18,5,214,0,0,0,4,0,54,0,0,241,19,0,0,346,286,0,9,0,0,1271,0,2,1108,1,201,0,0,0,0,0,0,0,0,90,0,0,0,3,0,1,0,0,0,0,0,64,0,0,0,1,0,0,0,0,3,0,47,0,0,57,0,0,0,94,45
G0g_T16h_D2_R1,culture,2,0g,16h,1,26035,3563,8447,278,208,1026,0,0,12,0,2,5,0,0,0,0,0,0,4,0,0,0,4,17,1,0,0,0,690,1066,1147,230,0,16,13,1,37,87,0,65,18,87,2,85,63,95,327,98,3,651,0,71,0,0,0,0,158,0,0,56,1,0,20,0,0,975,52,0,0,667,190,0,134,0,0,2851,0,0,1699,10,7,0,0,0,0,0,0,0,0,11,8,3,166,0,0,0,2,0,0,0,0,5,0,0,0,1,0,0,0,0,25,0,82,0,0,374,0,0,0,2,117
G0g_T16h_D2_R2,culture,2,0g,16h,2,20893,1560,7215,219,89,1097,0,0,45,0,0,127,0,0,0,0,0,0,0,0,0,0,19,0,0,0,0,0,778,1155,826,261,0,22,0,0,76,7,1,103,44,21,0,152,27,38,370,124,1,490,180,0,0,0,10,0,327,0,0,1,0,0,18,0,0,937,51,0,0,233,271,0,94,1,11,2043,0,0,1206,0,44,0,0,0,0,8,0,0,0,50,0,0,38,0,0,0,3,0,0,0,0,2,0,0,0,1,0,0,0,0,34,0,80,0,0,262,0,0,0,0,121
G0g_T16h_D2_R3,culture,2,0g,16h,3,22003,2522,7114,243,204,933,0,0,63,0,0,27,0,0,0,0,0,0,11,0,0,0,20,0,0,0,0,0,425,1297,730,425,0,181,0,0,91,55,0,83,185,6,0,187,32,225,127,20,5,227,119,0,2,0,0,0,389,0,0,10,4,0,10,0,0,709,70,0,0,433,285,22,46,0,0,2236,0,0,1754,0,6,0,0,0,0,59,0,0,0,9,0,0,3,0,0,0,0,0,0,0,0,5,0,0,0,2,0,0,0,0,0,0,113,0,0,234,0,0,0,2,43
G0g_T24h_D2_R1,culture,2,0g,24h,1,28328,1923,6810,75,12,957,0,0,11,0,0,4,0,0,0,0,0,0,10,0,0,0,0,0,0,0,0,0,1220,2190,974,424,0,36,0,0,84,99,0,80,17,0,0,27,43,190,327,228,23,736,22,0,0,0,5,0,237,0,0,0,21,0,0,0,0,1673,23,0,0,1091,640,0,208,3,1,4238,0,0,3186,0,0,0,0,0,0,0,0,0,0,3,0,0,0,0,0,0,37,0,0,0,0,14,0,0,0,0,0,0,0,0,2,0,8,0,0,416,0,0,0,0,0
G0g_T24h_D2_R2,culture,2,0g,24h,2,26090,2082,5473,39,226,682,0,0,13,0,0,0,0,0,0,0,0,0,0,0,0,0,2,0,0,0,0,0,924,1738,1412,269,0,120,0,0,180,13,0,109,128,0,0,174,21,250,399,301,0,552,3,0,0,0,0,0,125,0,0,0,0,0,0,0,0,1200,12,0,0,704,433,0,59,0,0,5694,0,0,2257,0,0,0,0,1,0,0,0,0,0,1,0,0,0,0,0,0,0,0,0,0,0,0,0,0,0,0,0,0,0,0,0,0,14,0,0,454,0,0,0,16,10
G0g_T24h_D2_R3,culture,2,0g,24h,3,26854,2291,5649,130,3,691,0,0,1,0,0,94,0,0,0,0,0,0,0,0,0,0,0,0,0,0,0,0,582,1674,541,386,0,44,10,0,59,53,0,106,24,0,0,45,25,278,522,137,22,607,39,0,0,0,0,2,213,0,0,0,0,0,4,0,0,1532,74,0,0,665,321,0,179,0,0,6075,0,4,3112,0,0,0,0,0,0,0,0,0,0,40,0,0,5,0,0,0,0,0,0,0,0,14,0,0,0,0,0,0,0,0,0,0,5,0,0,548,0,0,0,0,48
G1_6g_T8h_D2_R1,culture,2,1_6g,8h,1,24353,3344,8037,356,173,1383,0,0,114,2,0,142,0,0,0,0,0,0,15,0,0,0,22,2,0,0,0,0,798,1409,1403,883,0,55,0,0,159,175,16,245,63,86,11,251,12,47,46,88,3,66,67,0,67,0,85,77,457,0,0,4,49,0,167,0,0,373,63,0,0,274,97,0,84,0,0,1409,0,0,1019,92,0,0,1,0,0,0,0,0,0,111,0,0,103,0,0,28,10,0,0,0,0,0,0,0,0,0,0,3,0,0,53,0,79,0,0,110,0,0,0,8,57
G1_6g_T8h_D2_R2,culture,2,1_6g,8h,2,20547,3250,8059,266,537,926,0,0,49,0,3,133,0,0,0,0,0,3,1,0,34,0,3,0,0,0,0,0,838,873,969,146,0,160,0,0,56,78,0,157,127,24,34,254,6,67,24,2,0,187,0,0,9,0,3,6,374,0,0,37,32,0,39,0,0,315,66,0,0,243,115,0,0,0,0,1156,0,0,415,98,1,0,0,0,0,7,0,0,0,20,0,0,5,9,0,0,30,0,0,0,0,18,0,0,6,9,0,1,0,0,35,0,111,0,0,62,0,0,0,0,59
G1_6g_T8h_D2_R3,culture,2,1_6g,8h,3,24502,3513,8004,1059,265,1099,0,0,241,0,0,13,0,0,0,0,0,5,41,0,2,0,12,0,0,0,0,0,1159,667,815,957,0,192,0,0,67,142,0,95,148,267,22,157,31,91,13,10,6,30,16,0,97,0,3,14,619,0,0,22,28,0,2,0,0,635,49,0,0,239,132,0,11,15,8,1353,82,0,1015,17,8,0,0,0,0,0,0,0,0,107,0,0,69,0,0,106,57,0,0,0,1,31,0,0,0,0,0,0,0,0,164,0,153,0,17,236,0,0,0,5,68
G1_6g_T16h_D2_R1,culture,2,1_6g,16h,1,26407,3694,9627,185,293,831,0,0,82,0,0,19,13,0,0,0,0,0,32,0,0,0,2,0,0,0,0,0,957,1477,934,441,0,75,1,3,162,203,0,75,37,27,0,124,12,86,76,87,58,170,0,0,7,0,1,8,326,0,0,0,0,0,8,0,0,841,69,0,0,319,188,0,25,0,0,2899,0,0,1041,0,0,0,0,0,0,0,0,0,0,23,0,0,0,0,0,0,0,0,0,0,0,11,0,0,0,13,0,0,0,0,10,0,9,0,0,759,0,0,0,1,66
G1_6g_T16h_D2_R2,culture,2,1_6g,16h,2,22291,2473,7822,215,208,1005,0,0,14,0,0,0,0,0,0,0,0,0,0,0,0,0,8,1,0,0,0,0,514,1069,1550,665,0,70,0,0,149,48,0,239,70,114,1,233,23,28,100,45,0,224,70,0,1,0,9,13,307,0,0,1,87,0,65,0,0,406,24,0,0,235,43,0,9,0,0,1701,0,25,1817,22,25,0,0,0,0,0,0,0,0,17,0,0,1,0,0,0,0,0,0,0,0,1,0,0,0,0,0,0,0,0,2,0,42,0,0,275,0,0,0,55,150
G1_6g_T16h_D2_R3,culture,2,1_6g,16h,3,26001,2786,8232,232,74,1466,0,0,54,0,0,0,0,0,0,0,0,0,2,0,0,0,0,0,0,0,0,0,1366,1416,1664,417,0,65,0,0,18,268,0,19,87,68,152,159,239,85,153,70,41,218,28,0,0,0,8,108,474,0,0,0,0,0,28,0,0,765,129,0,0,511,166,0,144,4,0,2462,0,0,1133,0,60,0,0,0,0,0,0,0,0,74,0,0,6,0,0,0,49,0,0,0,0,29,0,0,0,0,0,0,0,0,3,0,124,0,3,91,0,0,0,93,158
G1_6g_T24h_D2_R1,culture,2,1_6g,24h,1,28478,2262,8202,190,2,1233,0,0,46,0,0,0,0,0,0,0,0,0,0,0,3,0,0,0,0,0,0,0,510,2012,1031,291,0,91,0,0,30,92,0,249,21,0,0,209,18,491,237,93,0,364,1,0,0,0,10,0,316,0,0,0,0,0,0,0,0,1222,0,0,0,763,229,0,316,7,0,4981,0,4,2251,0,0,0,1,0,0,0,0,0,0,13,0,0,2,0,0,0,1,0,0,0,0,0,0,0,0,0,0,0,0,0,18,0,85,0,0,436,0,0,0,72,73
G1_6g_T24h_D2_R2,culture,2,1_6g,24h,2,27375,3309,7277,97,35,822,0,0,36,0,0,0,0,0,0,0,0,0,0,0,0,0,0,0,0,0,0,0,1188,1758,1180,330,0,7,0,0,97,159,0,77,19,0,0,48,83,63,438,219,25,439,41,1,0,0,0,0,434,0,0,0,0,0,0,0,0,1610,17,0,0,462,575,0,110,3,0,3434,0,0,2504,0,0,0,0,0,0,0,0,0,0,27,0,0,0,14,0,0,1,0,0,0,0,1,0,0,3,2,0,0,0,0,0,0,18,0,0,357,0,0,0,34,21
G1_6g_T24h_D2_R3,culture,2,1_6g,24h,3,28383,1889,7957,196,36,1093,0,0,10,0,0,0,0,0,0,0,0,0,0,0,5,0,0,0,0,0,0,0,476,1427,1490,304,0,66,0,0,159,0,0,168,81,15,115,33,5,162,76,147,46,851,8,0,0,0,10,0,147,0,0,0,0,0,0,0,0,1302,19,0,0,922,357,0,104,0,0,4856,0,0,3040,0,0,0,0,0,0,3,0,0,0,3,0,0,0,0,0,0,38,0,0,0,0,1,0,0,0,0,0,0,0,0,0,0,23,0,0,682,0,0,0,6,55
G1g_T8h_D2_R1,culture,2,1g,8h,1,21698,3313,7383,569,401,1809,0,0,99,0,0,133,0,0,0,0,0,2,23,0,0,0,36,0,0,0,0,0,708,893,923,760,0,56,0,0,213,125,0,88,61,7,0,478,142,15,114,28,0,98,15,0,6,0,39,97,403,0,0,18,10,0,87,0,0,320,14,0,0,73,160,0,173,0,12,666,0,0,510,8,12,0,48,0,0,41,2,0,0,57,33,0,5,0,0,6,7,0,0,0,0,12,0,0,20,0,0,0,0,0,12,0,87,0,52,41,0,0,0,0,175
G1g_T8h_D2_R2,culture,2,1g,8h,2,25064,2701,9639,557,187,1335,0,0,101,0,0,48,0,0,0,0,0,0,15,0,6,0,11,21,0,0,0,0,1306,1614,1834,522,0,7,0,0,213,158,0,137,108,24,0,226,37,32,48,31,22,124,0,0,27,0,28,49,362,0,0,7,0,0,31,0,0,232,41,0,0,115,201,0,107,0,3,1154,0,0,823,6,62,0,24,0,0,0,0,0,0,60,0,0,32,0,0,57,36,0,0,0,0,2,0,0,177,13,0,5,0,0,56,0,82,0,0,75,0,0,0,1,132
G1g_T8h_D2_R3,culture,2,1g,8h,3,22726,2084,10219,516,209,1017,0,0,130,0,0,144,0,0,0,4,0,1,17,0,0,0,84,7,0,0,0,1,1023,1412,1163,349,0,63,6,8,75,163,0,387,74,120,14,61,49,2,31,87,0,112,0,0,12,0,36,50,284,0,0,0,4,0,83,0,0,337,18,2,0,60,28,0,88,0,0,887,0,0,743,0,2,0,28,0,0,0,0,0,0,21,0,0,0,0,0,0,0,0,0,0,0,12,0,0,1,0,0,12,0,0,48,0,70,0,4,240,0,0,0,12,12
G1g_T16h_D2_R1,culture,2,1g,16h,1,27600,3544,9512,341,133,1640,0,0,0,0,0,6,0,0,0,0,0,0,16,0,12,0,14,3,0,0,0,95,1372,1876,1360,473,0,7,0,0,50,92,0,215,187,29,15,242,77,58,135,52,0,135,2,0,0,0,14,0,540,0,0,13,8,0,15,0,0,580,160,0,0,274,228,0,53,0,0,2007,2,0,1393,0,2,0,0,0,0,0,0,0,0,20,0,0,8,0,0,0,72,0,0,0,0,0,0,0,0,0,0,0,31,0,33,0,94,0,0,188,0,0,0,0,172
G1g_T16h_D2_R2,culture,2,1g,16h,2,22814,2726,8603,211,168,1116,0,0,20,0,0,95,0,0,0,0,0,0,0,0,0,0,5,0,0,0,0,0,1020,1208,1370,345,0,91,6,0,13,148,0,83,56,43,1,180,17,7,129,2,7,296,0,0,40,2,4,0,268,0,0,0,1,0,68,0,0,657,165,0,0,297,86,0,113,0,0,1441,4,0,1121,0,5,0,0,0,0,0,0,0,0,58,0,0,2,0,0,0,16,0,0,0,0,1,0,0,10,83,0,0,0,0,7,0,119,0,0,152,0,0,0,28,100
G1g_T16h_D2_R3,culture,2,1g,16h,3,24057,3810,7719,409,180,1171,0,0,11,0,0,6,0,0,0,0,0,0,1,0,0,0,23,42,0,0,0,0,892,1159,1154,315,0,148,0,0,43,131,0,148,67,9,28,157,64,129,160,45,1,409,10,0,5,0,18,1,209,0,0,0,0,0,146,0,0,741,5,0,0,340,372,0,204,24,0,1748,0,0,1189,0,34,0,19,0,0,0,0,0,0,85,0,0,9,0,0,12,0,0,0,0,0,0,0,0,1,0,0,0,0,0,19,0,90,0,5,296,0,0,0,4,40
G1g_T24h_D2_R1,culture,2,1g,24h,1,27697,2502,7765,136,47,670,0,0,36,0,0,4,0,0,0,0,0,0,0,0,0,0,42,0,0,0,0,0,402,2604,1108,234,0,103,0,1,41,74,0,106,101,3,0,38,0,70,277,174,8,434,37,0,0,0,0,9,358,0,0,0,0,0,54,0,0,933,19,0,0,487,308,0,170,0,2,4492,0,0,3110,0,32,0,0,0,0,0,0,0,0,56,0,0,0,0,0,1,0,0,0,0,0,0,0,0,0,0,0,0,0,0,11,0,58,0,1,559,0,0,0,0,20
G1g_T24h_D2_R2,culture,2,1g,24h,2,29216,3340,7209,114,292,816,0,0,7,0,0,0,0,0,0,0,0,0,0,0,0,0,0,0,0,0,0,0,1016,1976,942,251,0,37,3,0,91,37,0,223,37,1,0,86,9,97,252,59,11,380,0,0,0,0,0,0,290,0,0,0,0,0,29,0,0,1189,18,0,0,1159,510,0,282,0,0,4953,28,6,3174,0,0,0,0,0,0,0,0,0,0,65,1,0,0,0,0,0,0,0,0,0,0,17,0,0,0,0,0,0,0,0,1,0,39,0,0,164,0,0,0,4,1
G1g_T24h_D2_R3,culture,2,1g,24h,3,29834,3120,8029,240,8,1644,0,0,97,0,0,12,0,0,0,0,0,0,3,0,0,0,3,0,0,0,0,0,415,2002,1543,395,0,29,0,0,9,8,0,8,15,17,0,258,5,149,184,126,4,393,68,0,1,0,1,1,382,0,0,0,0,0,0,0,0,1110,54,0,0,660,478,0,266,13,0,4343,0,0,3135,0,0,0,0,0,0,0,0,0,0,10,0,0,27,0,0,0,0,0,0,0,0,0,0,0,0,0,0,0,0,0,0,0,112,0,0,404,0,0,0,43,10
G1g_s_T8h_D2_R1,culture,2,1g_s,8h,1,19210,1763,5162,480,101,1250,0,0,56,0,0,30,0,0,0,0,0,4,0,0,0,0,36,0,0,0,0,0,813,1630,965,584,0,30,0,0,100,51,0,47,91,17,21,234,85,53,180,180,7,250,1,1,58,0,23,6,173,0,0,0,0,0,65,0,0,580,44,0,0,282,106,0,30,0,0,1771,0,0,1343,0,47,0,1,0,0,0,0,0,0,33,0,0,8,9,0,33,0,0,0,0,0,4,0,0,16,0,0,0,0,0,19,0,68,0,0,149,0,0,0,1,119
G1g_s_T8h_D2_R2,culture,2,1g_s,8h,2,20785,2249,6877,225,91,1056,0,0,62,0,0,7,0,0,0,75,0,0,0,0,0,0,28,19,0,0,0,0,795,1950,1013,586,0,96,12,0,32,158,0,135,120,30,4,348,57,125,216,77,5,539,1,0,0,2,11,0,197,0,0,13,0,0,67,0,0,457,65,0,0,214,124,0,89,0,0,1270,0,0,838,0,2,0,10,0,0,0,4,0,0,38,0,0,39,1,0,2,0,0,1,0,0,10,0,0,0,1,0,83,4,0,13,0,54,0,0,155,0,0,0,0,33
G1g_s_T8h_D2_R3,culture,2,1g_s,8h,3,23776,2426,6456,260,313,1847,0,0,71,0,0,14,0,0,0,0,0,33,1,0,0,0,1,0,0,0,0,0,1314,1362,1114,550,0,126,15,0,136,331,0,183,279,85,17,141,52,59,294,117,54,300,3,80,6,1,3,42,472,0,0,0,13,0,127,0,0,592,73,0,0,482,60,0,40,0,0,1502,0,7,1600,0,8,0,0,0,0,2,0,0,0,12,0,1,72,13,0,5,0,0,0,0,0,1,0,0,0,10,0,0,0,0,15,0,44,0,0,419,0,0,0,87,33
G1g_s_T16h_D2_R1,culture,2,1g_s,16h,1,24528,2093,6154,125,10,1335,0,0,112,0,0,21,0,0,0,0,0,0,0,0,0,0,110,0,0,0,0,0,954,1100,988,479,0,200,0,0,165,52,0,332,56,9,0,191,113,191,235,191,35,428,66,0,0,0,0,46,262,0,0,5,5,0,56,0,0,1324,52,0,0,429,206,0,61,4,0,4323,1,0,1427,0,0,0,0,0,0,0,0,0,0,3,0,0,18,0,0,6,0,0,0,0,0,5,0,0,2,0,0,0,0,0,30,0,16,0,0,408,0,0,0,0,94
G1g_s_T16h_D2_R2,culture,2,1g_s,16h,2,23739,1800,6030,59,111,886,0,0,4,0,0,0,0,0,0,0,0,0,0,0,0,0,7,0,0,0,0,0,684,2003,1129,280,0,34,0,48,121,141,0,170,107,1,10,38,1,229,309,372,60,384,2,10,1,0,1,0,229,0,0,0,0,0,11,0,0,1052,17,0,0,579,259,0,148,0,0,3838,28,1,1973,0,1,0,0,0,0,0,0,0,0,5,0,0,5,0,0,0,13,0,0,0,0,0,0,0,0,0,0,0,0,0,2,0,34,0,0,371,0,0,0,12,129
G1g_s_T16h_D2_R3,culture,2,1g_s,16h,3,26949,2076,6936,77,98,1285,0,0,91,0,0,2,0,0,0,0,0,0,2,0,10,0,36,0,0,0,0,0,737,2066,1249,398,0,118,0,0,47,148,0,12,57,2,48,53,90,429,329,172,9,426,0,0,0,0,0,32,234,0,0,0,13,0,84,0,0,1121,55,0,0,793,595,0,135,0,40,3332,0,0,2810,11,0,0,63,0,0,0,0,0,0,18,0,0,47,0,0,3,4,0,0,0,0,0,0,0,1,0,0,0,0,0,0,0,50,0,0,465,0,0,0,0,40
G1g_s_T24h_D2_R1,culture,2,1g_s,24h,1,27297,1395,3615,12,87,607,0,0,0,0,0,4,0,0,0,0,0,0,0,0,0,0,0,0,0,0,0,0,265,1674,939,385,0,83,0,0,56,37,0,107,6,17,0,66,6,301,721,83,29,788,153,5,0,0,0,0,240,0,0,0,0,0,11,0,0,1827,25,0,0,933,834,0,91,0,0,7247,23,4,4082,0,78,0,0,0,0,0,0,0,0,14,0,0,22,0,0,0,5,0,0,0,0,0,0,0,0,0,0,0,0,0,3,0,2,0,0,400,0,0,0,0,15
G1g_s_T24h_D2_R2,culture,2,1g_s,24h,2,28935,1592,4693,15,172,474,0,0,64,0,0,0,0,0,0,0,0,0,0,0,0,0,0,0,0,0,0,0,634,1621,994,141,0,7,0,0,209,50,0,61,128,0,0,105,19,173,705,291,36,1261,0,0,0,0,0,0,356,0,0,0,0,0,33,0,0,2040,50,0,0,818,726,71,122,0,0,6129,48,9,4083,0,3,0,0,0,0,0,0,0,0,5,0,0,0,0,0,0,0,0,0,0,0,0,0,0,0,0,0,0,0,0,0,0,30,0,0,895,0,0,0,5,67
G1g_s_T24h_D2_R3,culture,2,1g_s,24h,3,25382,1127,3928,0,64,840,0,0,0,0,0,0,0,0,0,0,0,0,0,0,0,0,0,0,0,0,0,0,541,1787,1024,389,0,3,0,0,27,3,0,97,59,0,0,105,0,358,563,387,19,1323,61,0,0,0,0,0,236,0,0,0,0,0,19,0,0,1435,110,0,0,839,475,0,155,0,24,6774,5,0,2100,0,0,0,0,0,0,0,0,0,0,10,0,0,1,0,0,0,2,0,0,0,0,0,0,0,0,0,0,0,0,0,0,0,49,0,0,440,0,0,0,0,3
G5g_T8h_D2_R1,culture,2,5g,8h,1,21794,3252,8843,891,665,1512,2,0,281,0,0,51,0,0,0,0,0,11,14,0,61,0,32,1,0,0,0,5,842,1098,651,356,0,23,0,0,105,155,0,186,39,30,5,69,29,40,8,43,4,6,0,0,2,0,22,9,301,0,0,9,0,0,102,0,0,169,66,0,0,67,103,0,6,0,0,558,0,0,428,0,73,0,0,0,0,39,0,0,0,104,0,0,85,5,0,30,2,0,1,0,0,4,0,0,4,14,0,0,0,0,99,0,64,0,21,33,0,0,0,6,58
G5g_T8h_D2_R2,culture,2,5g,8h,2,22746,3531,9597,704,750,1097,0,0,113,0,0,21,0,0,0,0,0,2,62,0,0,0,24,0,0,0,0,0,487,1317,1114,262,0,56,0,5,109,276,0,90,104,60,0,342,64,2,0,26,60,6,2,1,100,1,12,16,238,0,0,22,0,0,149,0,0,173,0,0,0,155,34,1,3,0,0,490,0,2,447,14,22,0,15,0,0,0,0,0,0,24,0,0,15,0,0,32,22,0,0,0,0,31,0,0,55,30,0,0,0,0,30,0,136,0,82,58,0,0,0,0,53
G5g_T8h_D2_R3,culture,2,5g,8h,3,22363,3228,8350,490,522,1167,0,0,76,0,5,60,0,0,0,0,0,0,18,0,0,0,117,48,0,0,0,0,1150,1165,1057,578,0,40,0,0,72,52,0,55,181,66,1,191,19,0,51,3,2,115,0,0,45,0,3,144,361,0,0,0,24,0,142,0,0,372,21,0,0,207,42,0,14,0,0,636,0,0,472,39,26,0,0,0,0,10,0,0,0,19,0,0,42,0,0,49,9,0,0,0,0,147,0,0,70,16,0,3,0,0,77,0,145,6,2,214,0,0,0,13,114
G5g_T16h_D2_R1,culture,2,5g,16h,1,24626,3119,11021,578,152,1456,0,0,258,0,0,24,0,0,0,0,0,0,5,0,2,0,18,39,0,0,0,0,590,1329,1122,610,0,48,0,0,102,202,0,194,89,41,21,210,22,98,80,39,26,36,0,0,1,0,3,1,257,0,0,5,18,0,9,0,0,273,5,0,0,103,139,9,76,0,0,1019,0,0,770,0,1,0,0,0,0,0,0,0,0,25,0,0,3,0,0,0,10,0,0,0,0,0,0,0,3,14,0,0,0,0,2,0,139,0,33,159,0,0,0,11,7
G5g_T16h_D2_R2,culture,2,5g,16h,2,28442,3588,12465,325,272,1177,0,0,81,0,0,0,0,0,0,0,0,8,13,0,37,0,12,0,0,0,0,0,665,1525,1661,240,0,36,1,0,159,138,0,119,87,53,0,90,5,10,65,164,7,152,10,0,0,0,24,0,382,0,0,21,0,0,117,0,0,527,159,0,0,53,34,0,17,10,0,2442,0,0,988,1,43,0,0,0,0,0,0,0,0,97,0,0,0,0,0,0,0,0,0,0,0,16,0,0,0,0,0,0,0,0,85,0,137,0,1,103,0,0,0,5,15
G5g_T16h_D2_R3,culture,2,5g,16h,3,25253,3326,9863,758,389,1301,0,0,45,0,0,17,0,0,0,0,0,16,37,0,0,0,1,0,0,0,0,0,581,1099,1202,301,0,186,1,0,191,87,0,173,141,2,1,233,77,20,110,63,0,357,0,0,0,0,11,48,499,0,0,0,0,0,85,0,0,289,217,0,0,321,54,0,1,0,8,1582,0,0,1045,5,3,0,0,0,0,0,0,0,0,30,0,0,0,2,0,0,4,0,0,0,0,1,0,0,0,0,0,0,0,0,2,0,178,0,2,144,0,0,0,84,60
G5g_T24h_D2_R1,culture,2,5g,24h,1,23773,2127,8309,102,148,688,0,0,0,0,0,0,0,0,0,0,0,0,0,0,0,0,76,0,0,0,0,0,736,1623,934,307,0,247,0,0,30,17,0,43,13,6,0,19,0,101,94,43,4,264,0,0,0,0,39,0,419,0,0,0,0,0,6,0,0,685,8,0,0,304,404,0,41,0,0,3442,0,0,1865,0,5,0,0,0,0,0,0,0,0,18,0,0,4,0,0,0,0,0,0,0,0,8,0,0,0,0,0,0,0,0,0,0,122,0,0,281,0,0,0,0,191
G5g_T24h_D2_R2,culture,2,5g,24h,2,28704,3928,7634,193,91,935,0,0,12,0,0,0,0,0,0,0,0,0,2,0,0,0,1,0,0,0,0,0,894,1951,1500,233,0,14,0,9,212,100,0,78,74,0,1,74,28,300,87,170,43,620,9,0,0,0,0,5,502,0,0,0,0,0,4,0,0,779,3,0,0,715,159,0,211,0,0,4568,31,0,2229,0,0,0,0,0,0,0,0,0,0,56,0,0,0,0,0,0,7,0,0,0,0,0,0,0,0,0,0,0,0,0,15,0,60,0,0,144,0,0,0,0,23
G5g_T24h_D2_R3,culture,2,5g,24h,3,22794,2829,6592,284,13,1309,0,0,4,0,0,11,0,0,0,0,0,0,0,0,1,0,0,0,0,0,0,0,393,1671,945,596,0,28,8,17,34,94,0,139,66,0,15,151,23,236,73,86,17,275,3,5,0,0,0,1,339,0,0,0,0,0,0,0,0,825,62,0,0,287,304,0,31,0,0,2856,0,0,1406,0,0,0,1,0,0,0,0,0,0,24,0,0,30,0,0,0,17,0,0,0,0,1,0,0,0,0,0,0,0,0,7,0,96,0,0,554,0,0,0,0,35
G0g_T8h_D3_R1,culture,3,0g,8h,1,24834,4537,157,2209,588,2387,877,920,1058,0,72,0,0,63,50,71,0,128,106,8,0,22,286,0,0,0,211,125,279,85,6,28,446,309,0,37,0,228,0,399,266,399,0,38,0,101,717,89,245,1438,66,675,3,9,4,0,48,1,0,4,14,4,0,0,4,308,101,140,445,549,222,12,40,10,25,1712,177,315,0,2,0,69,0,0,0,0,52,0,0,0,3,4,117,0,49,0,28,6,6,128,0,0,93,4,0,62,0,144,0,0,1,0,125,25,0,0,0,0,0,3,40
G0g_T8h_D3_R2,culture,3,0g,8h,2,25319,4680,70,1557,759,2449,1126,597,1423,0,83,0,0,125,11,19,0,26,318,3,0,17,220,0,0,0,467,58,423,9,58,22,307,20,0,51,0,212,0,287,284,835,11,48,0,125,710,141,146,1187,0,1051,0,0,84,0,90,1,0,0,46,9,0,8,52,351,137,87,448,324,89,130,21,51,32,2365,65,119,19,0,0,34,0,0,0,0,9,0,0,21,49,60,79,0,15,0,121,27,0,105,0,0,6,20,0,30,7,47,0,0,0,2,181,1,0,0,0,10,0,32,0
G0g_T8h_D3_R3,culture,3,0g,8h,3,24000,3623,304,1595,607,2483,484,825,1569,0,162,0,0,154,24,22,0,18,111,0,0,25,131,0,0,0,171,387,166,5,6,3,224,172,10,0,0,244,0,739,407,611,13,99,0,352,341,41,191,1100,46,698,21,0,2,24,71,16,0,1,0,51,0,0,73,625,91,31,576,222,12,1,3,0,63,2047,243,276,0,0,0,60,0,0,0,0,112,0,0,6,37,0,43,0,1,0,149,60,0,304,0,0,3,68,0,71,45,137,0,0,0,0,255,7,0,0,0,0,0,0,30
G0g_T16h_D3_R1,culture,3,0g,16h,1,23339,4113,14,636,325,2762,446,492,580,0,0,0,0,80,4,0,0,4,113,27,0,17,30,0,0,0,129,152,366,59,15,5,381,114,0,82,0,326,0,151,381,327,14,60,0,291,731,179,317,1950,192,860,0,0,0,0,40,1,0,0,3,0,0,0,36,417,14,147,180,577,183,0,12,14,88,3786,266,268,0,4,0,23,0,0,0,0,32,0,0,0,8,4,131,0,16,0,38,28,0,45,0,0,0,17,4,0,0,36,0,0,0,0,152,0,0,0,0,0,0,5,39
G0g_T16h_D3_R2,culture,3,0g,16h,2,24179,5026,130,1062,217,2117,379,383,589,0,29,0,0,8,2,40,0,73,76,7,0,81,151,0,0,2,75,66,189,89,38,7,292,116,0,14,0,138,0,625,160,92,0,71,7,405,822,78,322,1765,35,920,4,0,0,0,0,24,0,0,0,1,0,0,66,565,9,190,237,979,101,0,4,132,115,3668,243,520,4,4,0,0,0,0,0,0,29,0,0,0,25,0,49,0,0,0,26,6,0,99,0,0,37,20,0,0,0,76,0,0,0,0,132,114,0,0,0,0,0,1,1
G0g_T16h_D3_R3,culture,3,0g,16h,3,24042,3853,42,1191,357,1982,335,669,648,0,34,0,0,18,0,1,0,1,17,0,0,103,109,0,0,0,220,59,218,156,3,86,340,66,0,81,0,240,0,310,285,245,10,76,0,740,714,230,425,1369,10,1126,3,0,116,0,1,4,0,3,56,0,0,0,28,610,47,1,451,671,245,8,17,8,117,4166,195,242,0,9,0,22,0,0,0,0,10,0,0,0,74,3,70,0,39,0,111,18,0,116,0,0,0,1,0,32,0,60,0,0,0,0,102,5,0,1,0,0,0,4,7
G0g_T24h_D3_R1,culture,3,0g,24h,1,25764,4734,29,403,40,1817,58,109,195,0,1,0,0,9,0,0,0,9,23,0,0,0,48,0,0,0,84,3,263,3,18,3,259,19,0,64,0,219,0,94,81,131,9,31,0,955,1113,258,616,2991,8,1500,0,0,0,0,98,0,0,1,12,0,0,0,0,999,2,19,97,697,222,0,53,0,184,6075,428,528,0,0,0,0,0,0,0,0,12,0,0,0,0,26,8,0,0,0,17,21,0,33,0,0,0,12,0,0,0,8,0,0,0,0,9,0,0,6,0,0,0,0,0
G0g_T24h_D3_R2,culture,3,0g,24h,2,27629,2944,137,171,239,1790,99,157,242,0,123,0,0,2,1,1,0,3,27,0,0,9,57,0,0,0,36,0,163,43,19,37,452,83,0,0,0,222,0,707,28,91,1,68,0,354,1310,202,503,4133,98,1527,8,0,11,0,3,0,0,1,0,0,0,0,187,1429,14,52,331,559,157,0,61,4,161,7171,228,760,21,0,0,0,0,0,0,0,1,0,0,0,0,89,20,0,0,0,6,4,0,33,0,0,0,0,0,63,0,61,0,0,0,2,98,1,0,4,0,0,0,10,0
G0g_T24h_D3_R3,culture,3,0g,24h,3,21274,3603,37,284,69,1125,170,52,91,0,2,0,0,5,9,0,0,38,50,0,0,0,61,0,0,0,120,70,201,1,13,1,106,45,0,48,0,143,0,172,218,43,102,4,0,375,1491,221,551,3083,114,934,0,0,0,0,10,0,0,0,0,3,0,0,41,921,54,8,27,879,231,0,1,34,138,4174,158,643,1,0,0,3,0,0,0,0,31,0,0,0,0,3,0,0,1,0,4,4,0,3,0,0,4,3,0,1,0,11,0,0,0,0,42,81,0,1,0,0,0,0,107
G1_6g_T8h_D3_R1,culture,3,1_6g,8h,1,26493,6339,44,2773,806,1869,879,979,1852,0,168,0,0,16,7,89,0,160,513,16,0,72,80,0,0,0,360,106,118,12,119,14,176,118,16,33,15,28,0,461,221,716,20,140,0,159,595,67,120,447,23,317,4,0,80,71,0,1,28,32,0,0,0,0,46,192,8,78,425,345,150,13,0,4,169,2026,62,52,0,0,0,44,0,0,0,0,118,0,0,0,27,165,47,0,13,0,93,10,11,455,0,0,36,114,0,103,15,316,0,0,0,3,50,15,0,2,0,0,0,0,7
G1_6g_T8h_D3_R2,culture,3,1_6g,8h,2,21876,4023,117,2124,634,2536,487,570,1401,0,76,0,0,44,4,90,0,94,85,16,0,59,296,0,0,0,532,88,366,6,35,61,534,140,2,45,1,150,1,235,190,478,0,187,0,127,215,121,143,647,35,598,0,0,13,0,16,17,143,0,10,12,0,0,49,266,85,8,272,365,15,0,13,8,129,1160,58,127,0,5,0,53,0,0,0,0,131,0,0,0,32,10,310,0,25,0,169,67,0,139,0,0,7,137,0,20,5,179,0,0,0,12,41,64,11,0,0,0,0,3,97
G1_6g_T8h_D3_R3,culture,3,1_6g,8h,3,19863,4055,48,1815,703,2196,489,795,1601,0,16,0,0,98,0,3,0,61,187,1,0,45,209,0,0,54,446,170,165,32,2,6,242,120,0,5,0,85,0,252,273,541,1,102,0,52,224,18,113,629,7,268,0,0,25,0,45,1,0,0,4,0,0,0,1,469,21,13,441,303,10,1,5,5,69,1159,187,182,0,0,0,87,0,0,0,0,13,0,0,0,2,1,90,2,62,0,120,24,0,62,0,0,2,31,0,39,2,92,0,19,0,1,62,18,0,0,0,0,21,43,0
G1_6g_T16h_D3_R1,culture,3,1_6g,16h,1,24751,4223,144,879,612,2698,488,476,1312,0,17,0,0,26,7,108,10,24,173,34,0,9,56,0,0,0,154,72,333,56,1,6,210,170,3,10,0,75,0,366,271,435,0,86,0,215,545,77,386,1467,20,1387,13,0,22,0,9,0,1,0,5,0,0,0,24,411,24,19,498,382,84,1,0,2,56,3837,282,191,3,0,0,30,0,0,0,0,265,0,0,0,3,17,53,0,103,0,44,43,0,274,0,0,1,167,0,45,0,35,0,0,0,0,140,26,0,0,0,0,0,0,0
G1_6g_T16h_D3_R2,culture,3,1_6g,16h,2,24161,5172,161,1139,295,1990,427,388,676,0,68,0,0,33,0,41,0,6,66,0,0,23,225,0,0,0,294,59,265,19,85,5,442,105,0,0,0,152,9,341,403,357,17,72,0,379,652,182,351,1307,41,727,1,0,21,0,8,0,0,0,46,0,0,0,11,685,14,3,449,842,232,0,19,38,30,3495,119,366,0,0,0,203,0,0,0,0,1,0,0,0,1,1,101,0,0,0,49,34,2,97,0,0,0,14,0,146,5,62,0,0,0,0,77,2,0,0,0,0,0,0,13
G1_6g_T16h_D3_R3,culture,3,1_6g,16h,3,24228,5536,225,1119,513,2389,363,446,865,0,19,0,0,109,1,10,0,94,7,41,0,24,168,0,0,0,165,39,116,52,36,46,222,183,0,0,0,69,0,134,571,189,57,163,0,377,591,296,347,1592,83,538,0,0,3,0,22,6,0,1,0,116,0,0,11,924,36,5,129,236,68,0,3,0,130,3263,126,510,0,0,0,42,0,0,0,0,12,0,0,0,0,4,167,0,5,0,73,10,0,232,0,0,7,29,0,36,8,86,0,0,0,0,108,20,0,0,0,0,0,1,4
G1_6g_T24h_D3_R1,culture,3,1_6g,24h,1,26859,5070,5,359,209,1735,168,67,172,0,2,0,0,7,0,27,0,7,24,0,0,48,19,0,0,2,65,1,146,103,4,29,331,64,0,119,0,108,0,57,53,203,0,90,0,450,1211,506,539,3106,65,1961,0,0,0,0,52,7,0,0,1,0,0,0,0,784,4,1,162,957,386,0,13,32,230,5880,428,421,0,0,0,36,0,0,0,0,14,0,0,0,0,2,5,0,17,0,71,0,0,97,0,0,0,6,0,0,0,38,0,0,0,0,81,1,0,0,0,0,0,1,0
G1_6g_T24h_D3_R2,culture,3,1_6g,24h,2,24813,4773,138,538,148,1362,111,384,311,0,8,0,0,27,0,0,0,84,29,0,0,8,148,0,0,0,98,42,121,25,17,22,282,89,0,6,0,167,0,150,211,271,1,0,0,526,780,297,232,2111,107,1332,0,0,0,0,4,2,0,0,0,186,0,0,17,361,7,2,162,1021,236,2,8,41,179,6153,409,681,0,0,0,8,0,0,0,0,36,0,0,0,0,0,23,0,0,0,140,14,0,67,0,0,0,0,0,0,5,27,0,0,0,0,52,10,0,0,0,0,0,0,4
G1_6g_T24h_D3_R3,culture,3,1_6g,24h,3,24984,4708,2,448,278,1708,223,103,137,0,23,0,0,0,0,5,0,0,29,0,0,0,19,0,0,0,55,19,240,56,14,8,273,5,0,0,0,78,0,296,234,170,0,65,0,268,1146,276,491,2004,42,1107,0,0,3,0,13,0,0,0,0,0,0,0,1,730,75,3,335,1330,111,0,0,38,131,6356,282,480,0,0,0,0,0,0,0,0,11,0,0,0,6,2,16,0,0,0,36,61,0,20,0,0,7,9,0,5,12,97,0,0,0,0,161,100,0,0,0,0,0,0,23
G1g_T8h_D3_R1,culture,3,1g,8h,1,23429,4662,49,2511,1044,2557,494,1096,1820,0,78,0,0,22,6,12,0,158,294,25,0,7,125,0,0,3,458,129,222,18,2,1,186,41,0,44,0,70,0,395,290,505,1,61,0,134,353,40,79,744,1,232,7,0,13,0,29,76,19,0,21,0,0,0,48,158,18,8,318,274,115,8,0,35,9,1380,146,281,0,0,0,67,0,0,0,0,6,0,0,0,4,34,161,0,86,0,115,6,0,197,0,24,2,28,0,124,30,136,0,0,0,6,337,100,0,0,0,0,0,9,25
G1g_T8h_D3_R2,culture,3,1g,8h,2,19925,3870,116,1902,626,2337,444,718,1033,0,63,0,0,80,1,39,0,91,292,32,0,20,141,0,0,7,362,32,226,6,26,4,293,182,0,4,0,125,0,454,265,289,0,265,0,66,180,102,73,536,72,474,1,0,0,0,90,16,33,53,2,1,1,0,95,319,86,6,374,234,67,29,4,8,3,1109,121,219,0,0,0,62,0,0,0,0,69,0,0,0,3,14,99,0,42,0,212,33,3,273,92,0,2,31,0,31,16,109,0,0,0,11,94,7,0,0,0,0,0,1,2
G1g_T8h_D3_R3,culture,3,1g,8h,3,21473,4702,152,2591,1242,2234,544,1005,1093,0,18,0,0,110,9,14,0,0,231,7,0,78,160,0,0,2,325,155,202,90,13,13,152,101,4,33,0,199,9,411,316,522,8,134,4,44,188,56,137,333,26,307,10,0,11,0,1,1,0,44,10,23,0,0,31,270,95,16,582,300,44,28,6,29,50,959,86,73,0,0,0,4,0,0,0,0,2,0,0,0,26,2,64,0,47,0,10,18,0,128,0,0,12,69,0,62,31,81,0,0,0,0,205,69,0,0,0,0,0,0,0
G1g_T16h_D3_R1,culture,3,1g,16h,1,23508,6437,113,1050,583,1737,311,429,691,0,119,0,0,31,0,92,0,218,125,20,0,94,124,0,0,36,114,271,447,15,16,29,205,143,0,10,0,184,0,380,202,509,39,295,0,238,457,236,198,977,12,897,0,0,12,0,15,0,0,15,0,3,0,0,36,473,0,32,242,443,173,6,18,57,26,2581,109,520,0,0,0,1,0,0,0,0,13,0,0,0,15,0,148,0,46,0,43,0,0,43,2,0,40,9,0,2,6,147,0,0,0,0,97,50,0,0,0,0,0,1,0
G1g_T16h_D3_R2,culture,3,1g,16h,2,25732,5888,104,1581,601,1786,824,730,1306,0,3,0,0,62,4,157,0,0,214,0,0,28,77,0,0,0,284,187,163,8,6,83,541,265,1,136,0,252,0,611,167,281,4,66,3,234,497,370,326,1256,52,1529,0,0,0,17,1,0,0,0,37,0,0,0,44,593,70,1,299,499,83,10,0,4,75,1982,187,116,0,0,0,129,0,0,0,0,11,0,0,0,11,43,170,0,11,0,30,29,1,126,0,0,0,128,0,30,7,60,0,0,0,0,121,104,0,16,0,0,0,0,0
G1g_T16h_D3_R3,culture,3,1g,16h,3,25759,5703,104,2021,427,2265,584,565,960,0,46,0,0,27,0,2,0,36,106,0,0,14,173,0,0,0,280,104,309,26,29,37,810,257,12,21,5,118,0,353,610,250,14,5,0,282,541,115,153,1008,37,810,0,0,39,0,3,2,0,8,8,35,0,0,138,723,37,53,384,436,107,15,40,5,72,2783,314,427,4,15,0,25,0,0,0,0,10,0,0,0,19,2,113,0,2,0,122,10,0,158,1,0,0,7,0,302,1,27,0,0,0,0,33,41,0,1,0,0,0,18,0
G1g_T24h_D3_R1,culture,3,1g,24h,1,25655,4135,115,628,145,1918,88,333,359,0,24,0,0,67,0,0,0,37,107,0,0,8,47,0,0,0,263,32,360,19,34,1,318,28,0,2,0,87,0,299,212,148,0,80,0,437,1060,216,535,2535,164,1352,1,0,0,0,4,0,1,0,13,0,0,0,0,760,27,78,236,789,284,5,106,76,115,5668,421,464,0,0,0,15,0,0,0,0,30,0,0,0,0,0,121,0,8,0,112,7,0,19,0,0,0,8,0,0,30,9,0,0,0,0,37,1,0,0,0,0,0,0,17
G1g_T24h_D3_R2,culture,3,1g,24h,2,26732,6276,44,556,76,1326,344,264,926,0,0,0,0,2,0,7,0,8,92,4,0,0,13,0,0,84,57,11,128,3,16,5,226,47,0,27,0,117,0,350,464,54,0,65,0,392,1029,226,445,2201,122,1693,0,0,0,0,13,90,0,0,0,0,0,0,3,695,34,2,121,1097,80,1,36,2,70,5569,341,356,0,0,0,25,0,0,0,0,3,0,0,0,1,0,131,0,0,0,105,16,0,30,0,0,0,0,0,0,0,78,0,0,0,0,108,0,0,0,0,0,0,20,5
G1g_T24h_D3_R3,culture,3,1g,24h,3,25332,5726,62,485,226,1648,233,91,638,0,1,5,0,8,0,3,0,28,14,0,0,0,33,0,0,0,51,13,303,2,4,0,350,51,0,42,0,54,0,518,172,109,2,35,0,477,675,224,378,2324,93,1492,0,0,0,0,4,0,0,0,0,0,0,0,14,902,0,7,135,1033,275,0,9,43,219,5056,339,466,0,0,0,3,0,0,0,0,3,0,0,0,1,2,15,0,26,0,10,42,0,10,0,0,0,11,0,15,0,0,0,0,0,0,110,3,0,9,0,0,0,0,0
G1g_s_T8h_D3_R1,culture,3,1g_s,8h,1,23437,3630,74,1633,574,2830,402,591,733,0,68,0,0,4,1,20,0,55,339,4,0,35,69,0,0,0,231,155,275,18,155,49,303,17,0,0,0,118,0,371,235,510,38,2,0,295,798,121,954,981,19,708,6,0,0,0,26,15,0,0,0,50,0,0,32,388,132,100,485,486,68,7,4,23,70,2844,138,240,0,0,0,34,0,0,0,0,1,0,0,0,10,6,57,0,136,0,94,23,0,196,0,0,0,79,0,126,3,55,0,0,0,0,45,21,0,1,0,0,3,2,16
G1g_s_T8h_D3_R2,culture,3,1g_s,8h,2,21747,2639,80,1307,283,2433,576,459,945,0,13,0,0,27,0,96,0,22,88,0,0,8,243,0,0,1,123,132,331,11,140,27,202,218,0,1,0,39,0,178,318,393,15,66,0,369,906,192,241,1177,31,854,16,0,0,0,73,7,0,1,0,0,0,0,10,479,42,44,252,776,219,74,23,6,79,2549,353,564,0,0,0,25,0,0,0,0,22,0,0,0,2,9,64,0,34,0,45,33,0,181,0,0,78,12,0,4,0,287,0,0,0,0,39,127,4,0,0,0,0,0,30
G1g_s_T8h_D3_R3,culture,3,1g_s,8h,3,24841,3809,127,1369,544,3032,438,393,1264,0,80,0,0,73,4,13,0,84,133,0,0,11,176,0,0,0,202,78,319,51,11,5,161,18,15,118,0,153,0,705,299,249,18,113,0,448,1219,218,518,1006,68,1035,0,0,36,0,19,19,0,0,53,0,0,0,7,548,109,147,424,493,165,2,22,47,77,2611,183,274,0,0,0,52,0,0,0,0,3,0,0,0,18,4,125,0,18,0,161,0,0,189,0,0,0,40,0,16,3,77,0,0,0,0,118,17,0,51,0,0,117,0,19
G1g_s_T16h_D3_R1,culture,3,1g_s,16h,1,22934,2956,152,827,90,1982,253,78,563,0,7,0,0,86,0,30,0,80,61,0,1,10,60,0,0,0,123,9,112,125,59,23,414,157,0,3,0,136,0,326,160,173,0,132,0,622,1014,380,293,2700,24,963,0,0,0,0,61,7,0,0,6,2,0,0,4,784,64,34,343,700,156,0,6,27,39,4109,569,441,0,0,0,10,0,0,0,0,4,0,0,0,6,7,25,0,1,0,61,78,0,50,0,0,0,1,0,50,9,0,0,0,45,0,31,7,0,0,0,0,0,0,13
G1g_s_T16h_D3_R2,culture,3,1g_s,16h,2,21494,2590,12,618,551,1397,182,294,405,1,0,0,0,37,2,33,0,1,112,0,0,23,160,0,0,0,92,27,334,28,12,23,85,18,0,0,0,138,0,125,302,281,8,119,0,429,1400,208,603,2033,41,1576,0,0,0,0,10,0,2,5,6,0,0,0,4,678,101,14,494,548,154,0,3,3,63,3988,373,171,0,0,0,24,0,0,0,0,60,0,0,0,2,29,183,0,0,0,59,17,0,56,0,0,1,0,0,0,41,36,0,0,0,0,68,0,0,0,0,0,0,0,1
G1g_s_T16h_D3_R3,culture,3,1g_s,16h,3,19149,2790,57,633,76,1391,202,214,297,0,3,0,0,19,0,0,0,83,41,0,0,6,8,0,0,0,122,33,180,11,3,33,266,34,4,4,0,81,0,167,105,271,1,57,0,565,1063,121,464,1661,44,1450,0,0,4,0,123,0,0,0,0,0,0,0,3,656,37,51,151,377,313,15,7,15,85,3690,426,272,0,0,0,26,0,0,0,0,6,0,0,0,0,2,12,0,23,0,59,4,0,124,0,0,0,0,0,0,0,15,0,0,0,2,66,25,0,0,0,0,0,0,0
G1g_s_T24h_D3_R1,culture,3,1g_s,24h,1,29524,2795,5,80,83,935,87,166,121,0,6,0,0,0,0,0,0,0,21,1,0,0,1,0,0,0,4,1,199,67,2,53,265,4,0,2,0,150,0,132,98,149,0,67,0,1010,2017,472,946,2930,311,3026,0,0,17,0,53,0,0,0,0,0,0,0,0,833,15,5,242,905,544,0,34,24,233,8737,489,782,8,0,0,79,0,0,0,0,57,0,0,0,0,0,29,0,0,0,24,0,0,24,0,0,0,38,0,0,0,0,0,0,0,0,146,0,0,0,0,0,0,0,0
G1g_s_T24h_D3_R2,culture,3,1g_s,24h,2,21095,1809,93,326,200,915,179,101,121,0,0,0,0,15,52,0,0,0,1,0,0,0,3,0,0,0,9,8,93,6,57,0,134,14,0,0,0,133,0,219,49,0,1,90,0,725,1591,253,610,2383,32,2142,0,0,0,0,2,2,0,0,0,2,0,0,3,1389,37,21,68,608,267,0,8,17,205,5281,257,502,0,0,0,0,0,0,0,0,0,0,0,0,0,0,0,0,0,0,21,0,0,19,0,0,0,0,0,0,0,2,0,0,0,0,20,0,0,0,0,0,0,0,0
G1g_s_T24h_D3_R3,culture,3,1g_s,24h,3,25946,2246,23,139,28,926,191,25,97,0,0,0,0,0,0,0,0,23,1,0,0,0,0,0,0,0,66,0,202,5,0,3,100,168,0,0,16,26,0,166,70,57,0,20,0,898,3427,400,495,3767,129,1770,0,0,0,0,0,5,0,0,0,7,0,0,62,1371,69,13,117,1172,351,0,80,39,110,5793,445,701,0,0,0,13,0,0,0,0,13,0,0,0,0,28,1,0,0,0,8,26,0,11,0,0,0,0,0,4,0,0,0,0,0,0,10,0,0,12,0,0,0,0,1
G5g_T8h_D3_R1,culture,3,5g,8h,1,25030,4244,244,3091,802,2461,1000,1036,2486,0,101,0,0,165,9,40,0,129,275,16,0,267,141,0,0,0,429,288,333,133,24,47,348,229,3,45,0,92,0,234,447,583,50,124,0,63,171,16,93,549,7,387,0,0,65,0,76,12,2,101,38,16,0,0,85,224,26,101,360,203,36,14,0,0,19,797,40,73,0,0,0,76,0,0,0,0,35,0,0,0,65,6,258,0,154,0,95,2,0,378,0,0,25,44,0,99,1,52,0,0,0,35,168,4,2,0,0,0,0,0,41
G5g_T8h_D3_R2,culture,3,5g,8h,2,25427,5561,356,2584,1135,1951,915,1231,1673,0,169,0,0,109,2,23,0,61,229,3,0,37,457,0,0,28,491,154,176,97,8,8,463,274,10,1,0,206,0,446,289,416,37,36,0,103,174,18,354,511,19,248,0,0,24,0,12,80,0,0,10,47,0,0,133,392,103,44,635,153,91,118,2,1,4,999,89,100,0,0,0,105,0,0,0,0,87,0,0,0,0,0,153,0,117,0,93,42,0,170,0,0,1,63,0,91,37,143,0,0,0,0,40,24,0,6,0,0,2,13,140
G5g_T8h_D3_R3,culture,3,5g,8h,3,17502,4108,132,2136,590,1522,512,875,1088,0,84,0,0,37,20,39,0,103,297,4,0,36,239,0,0,0,269,110,189,53,2,22,76,109,0,0,0,329,0,235,161,394,0,36,0,11,136,55,90,328,13,214,5,0,15,84,17,92,0,3,15,0,0,0,27,190,36,8,324,59,18,0,0,1,8,666,89,110,0,13,0,26,0,0,0,0,21,0,0,0,13,40,176,0,67,0,80,0,0,173,0,0,0,84,0,100,11,167,0,0,0,0,55,10,0,0,0,0,0,12,33
G5g_T16h_D3_R1,culture,3,5g,16h,1,22470,5114,94,1833,612,1804,500,480,1373,0,21,0,0,126,17,6,0,30,95,0,0,38,77,0,0,0,397,98,329,25,53,7,549,102,0,18,0,179,0,358,361,327,34,103,0,169,285,191,255,746,4,504,0,0,0,0,44,1,1,0,1,293,0,0,60,97,1,13,206,400,44,54,83,0,45,1988,139,117,0,0,0,117,0,0,0,0,4,0,0,0,26,1,102,0,153,0,90,0,0,380,0,0,42,248,0,5,4,142,0,0,0,0,230,2,0,0,0,0,0,2,21
G5g_T16h_D3_R2,culture,3,5g,16h,2,23535,4920,175,2128,391,3184,993,704,1259,0,38,0,0,26,6,6,0,77,226,0,0,60,309,0,0,0,226,50,240,25,47,43,432,13,0,47,0,27,0,363,356,593,0,61,0,123,387,58,238,857,39,328,0,0,7,5,25,12,0,0,22,0,0,0,103,552,26,0,302,209,30,0,1,2,26,1835,64,199,0,0,0,25,0,0,0,0,109,0,0,0,30,0,83,0,15,0,109,58,0,212,0,0,1,124,0,67,12,57,0,0,4,0,153,1,0,0,0,0,0,0,0
G5g_T16h_D3_R3,culture,3,5g,16h,3,24115,7369,62,1691,283,2091,635,871,1442,0,56,0,0,23,0,8,0,53,315,0,0,18,52,0,0,1,305,226,128,60,1,5,260,96,0,6,0,390,0,168,274,752,4,56,0,209,343,89,158,529,214,703,0,0,0,0,14,2,0,0,5,0,0,0,14,322,3,16,317,391,86,0,0,3,71,1670,17,106,0,0,0,31,0,0,0,0,12,6,0,0,2,6,131,0,31,0,148,0,9,102,7,0,53,0,1,14,12,213,0,0,0,0,296,44,0,0,0,0,0,1,13
G5g_T24h_D3_R1,culture,3,5g,24h,1,24569,4831,75,949,395,2005,329,203,448,0,35,0,0,4,0,30,0,14,75,18,0,0,28,0,0,0,117,40,257,41,40,1,260,60,0,72,0,115,0,361,294,35,1,55,0,289,1296,133,610,1322,8,1351,3,0,0,0,18,50,0,1,0,36,0,0,76,459,6,4,85,537,358,0,28,12,127,5037,247,360,95,0,0,74,0,0,0,0,21,0,0,0,0,27,62,0,35,0,17,16,0,54,0,0,0,6,0,61,89,37,0,0,0,0,243,5,0,0,0,0,0,0,86
G5g_T24h_D3_R2,culture,3,5g,24h,2,24101,5299,59,753,215,2331,248,158,915,0,62,0,0,0,0,0,0,0,39,0,0,0,33,0,0,0,101,60,197,35,9,214,160,47,0,1,0,113,0,279,258,76,0,58,0,522,870,130,394,2008,8,1309,0,0,0,0,4,0,0,0,19,0,0,0,143,591,1,15,314,546,88,0,0,15,43,4166,279,449,0,0,0,2,0,0,0,0,53,0,0,0,0,13,39,0,1,0,116,39,0,33,0,0,0,3,0,27,0,87,0,0,0,0,43,3,0,0,0,0,0,2,6
G5g_T24h_D3_R3,culture,3,5g,24h,3,27972,6664,107,888,410,1959,501,166,763,0,144,0,0,5,0,1,0,7,34,34,0,4,16,0,0,2,180,21,408,16,27,9,602,145,1,0,0,104,0,286,273,272,0,32,0,447,770,48,426,2539,29,1215,0,0,12,0,116,3,0,0,0,0,0,0,33,730,211,28,217,697,84,16,62,5,189,4922,373,318,0,0,0,67,0,0,0,0,0,0,0,0,0,0,56,0,8,0,39,30,0,27,0,0,0,2,0,0,3,5,0,0,0,0,144,0,0,1,0,0,0,19,0
